{
    "nodes": [
        {
            "id": 0,
            "name": "New York-1",
            "index": 0,
            "weight": 2,
            "x": -6.185187859076737,
            "y": 138.0040974938907,
            "px": -6.1405154530041015,
            "py": 137.93876682446
        },
        {
            "id": 1,
            "name": "Los Angeles-1",
            "index": 1,
            "weight": 1,
            "x": 106.52131927597794,
            "y": 138.18447031749173,
            "px": 106.45355552470261,
            "py": 138.147695470937
        },
        {
            "id": 2,
            "name": "Houston-1",
            "index": 2,
            "weight": 1,
            "x": -49.58442195191239,
            "y": 34.07051925839501,
            "px": -49.51798903678477,
            "py": 34.11703298639101
        }
    ],
    "links": [
        {
            "source": 0,
            "target": 1
        },
        {
            "source": 0,
            "target": 2
        }
    ],
    "nodeSet": []
}