{
    "nodes": [
        {
            "id": 0,
            "name": "New York-1",
            "index": 0,
            "weight": 2,
            "x": -36.809192367133974,
            "y": 110.95538546772187,
            "px": -36.74561296129913,
            "py": 110.91078936083343
        },
        {
            "id": 1,
            "name": "Los Angeles-1",
            "index": 1,
            "weight": 1,
            "x": 69.24838511277383,
            "y": 149.50127736592634,
            "px": 69.19861114131886,
            "py": 149.43729834860028
        },
        {
            "id": 2,
            "name": "Houston-1",
            "index": 2,
            "weight": 1,
            "x": -37.01131535097936,
            "y": -1.8812358038152952,
            "px": -36.96796061500225,
            "py": -1.812577559470342
        }
    ],
    "links": [
        {
            "source": 0,
            "target": 1
        },
        {
            "source": 0,
            "target": 2
        }
    ],
    "nodeSet": []
}